location_id,year_id,age_group_id,sex_id,nid,super_region,region,country,measure,is_outlier,sample_size,val,variance,QA,citation_short,citation
10,2010,22,3,2955,"Southeast Asia, East Asia & Oceania",Southeast Asia,Cambodia,proportion,0,12,0.001,8.33E-05,2,Kuijpers (2017),"Kuijpers LMF, Phe T, Veng CH, et al. The clinical and microbiological characteristics of enteric fever in Cambodia, 2008-2015. PLoS Negl Trop Dis 2017; 11(9): e0005964."
10,2014,22,3,2955,"Southeast Asia, East Asia & Oceania",Southeast Asia,Cambodia,proportion,0,171,0.1228,0.000629942,2,Kuijpers (2017),"Kuijpers LMF, Phe T, Veng CH, et al. The clinical and microbiological characteristics of enteric fever in Cambodia, 2008-2015. PLoS Negl Trop Dis 2017; 11(9): e0005964."
11,2002,22,3,883,"Southeast Asia, East Asia & Oceania",Southeast Asia,Indonesia,proportion,0,41,0.001,2.44E-05,2,Punjabi (2013),"Punjabi NH, Agtini MD, Ochiai RL, et al. Enteric fever burden in North Jakarta, Indonesia: a prospective, community-based study. J Infect Dev Ctries 2013; 7(11): 781-7."
11,2011,22,3,2978,"Southeast Asia, East Asia & Oceania",Southeast Asia,Indonesia,proportion,0,14,0.001,7.14E-05,2,Hardjo Lugito (2017),"Hardjo Lugito NP, Cucunawangsih. Antimicrobial resistance of Salmonella enterica serovars Typhi and ParaTyphi isolates from a general hospital in Karawaci, Tangerang, Indonesia: A five-year review. Int J Microbiol 2017; 2017: 6215136."
11,2012,22,3,2978,"Southeast Asia, East Asia & Oceania",Southeast Asia,Indonesia,proportion,0,22,0.001,4.54E-05,2,Hardjo Lugito (2017),"Hardjo Lugito NP, Cucunawangsih. Antimicrobial resistance of Salmonella enterica serovars Typhi and ParaTyphi isolates from a general hospital in Karawaci, Tangerang, Indonesia: A five-year review. Int J Microbiol 2017; 2017: 6215136."
11,2013,22,3,2978,"Southeast Asia, East Asia & Oceania",Southeast Asia,Indonesia,proportion,0,17,0.001,5.88E-05,2,Hardjo Lugito (2017),"Hardjo Lugito NP, Cucunawangsih. Antimicrobial resistance of Salmonella enterica serovars Typhi and ParaTyphi isolates from a general hospital in Karawaci, Tangerang, Indonesia: A five-year review. Int J Microbiol 2017; 2017: 6215136."
11,2014,22,3,2978,"Southeast Asia, East Asia & Oceania",Southeast Asia,Indonesia,proportion,0,18,0.001,5.55E-05,2,Hardjo Lugito (2017),"Hardjo Lugito NP, Cucunawangsih. Antimicrobial resistance of Salmonella enterica serovars Typhi and ParaTyphi isolates from a general hospital in Karawaci, Tangerang, Indonesia: A five-year review. Int J Microbiol 2017; 2017: 6215136."
12,2014,22,3,5148,"Southeast Asia, East Asia & Oceania",Southeast Asia,Laos,proportion,0,6,0.1667,0.023151852,2,Roberts (2019),"Roberts, T. LOMRU blooc culture database. Vientiene, Laos; 2019"
142,2008,22,3,4087,North Africa & Middle East,North Africa & Middle East,Iran,proportion,0,10,0.001,9.99E-05,2,Tajbakhsh(2012),"Tajbakhsh M, Hendriksen RS, Nochi Z, Zali MR, Aarestrup FM, Garcia-Migura L. Antimicrobial resistance in Salmonella spp. recovered from patients admitted to six different hospitals in Tehran, Iran from 2007 to 2008. Folia Microbiol (Praha) 2012; 57(2): 91-7."
142,2010,22,3,1684,North Africa & Middle East,North Africa & Middle East,Iran,proportion,0,6,0.001,0.0001665,3,Soltan Dallal(2014),"Soltan Dallal MM, Rastegar Lari A, Sharifi Yazdi MK. Pattern of serotyping and antibiotic resistance of Salmonella in children with diarrhea. [Persian]. Journal of Gorgan University of Medical Sciences 2014; 16(1): e100-Pe4."
145,2002,22,3,737,North Africa & Middle East,North Africa & Middle East,Kuwait,proportion,0,6,0.5,0.041666667,2,Dimitrov (2010),"Dimitrov T, Dashti AA, Albaksami O, Jadaon MM. Detection of mutations in the gyrA gene in fluoroquinolone resistance Salmonella enterica serotypes Typhi and ParaTyphi A isolated from the Infectious Diseases Hospital, Kuwait. J Clin Pathol 2010; 63(1): 83-7."
145,2003,22,3,737,North Africa & Middle East,North Africa & Middle East,Kuwait,proportion,0,12,0.9167,0.006363426,2,Dimitrov (2010),"Dimitrov T, Dashti AA, Albaksami O, Jadaon MM. Detection of mutations in the gyrA gene in fluoroquinolone resistance Salmonella enterica serotypes Typhi and ParaTyphi A isolated from the Infectious Diseases Hospital, Kuwait. J Clin Pathol 2010; 63(1): 83-7."
145,2004,22,3,737,North Africa & Middle East,North Africa & Middle East,Kuwait,proportion,0,11,0.5455,0.022539068,2,Dimitrov (2010),"Dimitrov T, Dashti AA, Albaksami O, Jadaon MM. Detection of mutations in the gyrA gene in fluoroquinolone resistance Salmonella enterica serotypes Typhi and ParaTyphi A isolated from the Infectious Diseases Hospital, Kuwait. J Clin Pathol 2010; 63(1): 83-7."
145,2004,22,3,855,North Africa & Middle East,North Africa & Middle East,Kuwait,proportion,0,15,0.6667,0.014814074,2,Rotimi(2008),"Rotimi VO, Jamal W, Pal T, Sonnevend A, Dimitrov TS, Albert MJ. Emergence of multidrug-resistant Salmonella spp. and isolates with reduced susceptibility to ciprofloxacin in Kuwait and the United Arab Emirates. Diagn Microbiol Infect Dis 2008; 60(1): 71-7."
145,2005,22,3,737,North Africa & Middle East,North Africa & Middle East,Kuwait,proportion,0,5,0.6,0.048,2,Dimitrov (2010),"Dimitrov T, Dashti AA, Albaksami O, Jadaon MM. Detection of mutations in the gyrA gene in fluoroquinolone resistance Salmonella enterica serotypes Typhi and ParaTyphi A isolated from the Infectious Diseases Hospital, Kuwait. J Clin Pathol 2010; 63(1): 83-7."
145,2006,22,3,737,North Africa & Middle East,North Africa & Middle East,Kuwait,proportion,0,6,0.8333,0.023151852,2,Dimitrov (2010),"Dimitrov T, Dashti AA, Albaksami O, Jadaon MM. Detection of mutations in the gyrA gene in fluoroquinolone resistance Salmonella enterica serotypes Typhi and ParaTyphi A isolated from the Infectious Diseases Hospital, Kuwait. J Clin Pathol 2010; 63(1): 83-7."
161,1993,22,3,1878,South Asia,South Asia,Bangladesh,proportion,0,7,0.001,0.000142714,2,Islam (1993),"Islam MN, Afroza A, Hasan Z, Majumder B, Hossain A. Recent antibiogram pattern and clinical profile of typhoid fever in children - A study of 36 cases. Bangladesh J Child Health 1993; 17(3): 93-6."
161,2005,22,3,3026,South Asia,South Asia,Bangladesh,proportion,0,85,0.9176,0.000889532,2,Ahmed (2017),"Ahmed D, Nahid MA, Sami AB, et al. Bacterial etiology of bloodstream infections and antimicrobial resistance in Dhaka, Bangladesh, 2005-2014. Antimicrob Resist Infect Control 2017; 6."
161,2006,22,3,51,South Asia,South Asia,Bangladesh,proportion,0,5,0.999,0.0001998,3,Sheikh(2010),"Sheikh A, Charles RC, Rollins SM, et al. Analysis of Salmonella enterica serotype Paratyphi A gene expression in the blood of bacteremic patients in Bangladesh. PLoS Negl Trop Dis 2010; 4(12): e908."
161,2006,22,3,1088,South Asia,South Asia,Bangladesh,proportion,0,278,0.001,3.59E-06,2,Das(2014),"Das SK, Chisti MJ, Afrad MH, et al. Gastroenteritis due to typhoidal Salmonella: a decade of observation at an urban and a rural diarrheal disease hospital in Bangladesh. BMC Infect Dis 2014; 14: 435."
161,2006,22,3,1088,South Asia,South Asia,Bangladesh,proportion,0,33,0.2121,0.005064048,2,Das(2014),"Das SK, Chisti MJ, Afrad MH, et al. Gastroenteritis due to typhoidal Salmonella: a decade of observation at an urban and a rural diarrheal disease hospital in Bangladesh. BMC Infect Dis 2014; 14: 435."
161,2006,22,3,3026,South Asia,South Asia,Bangladesh,proportion,0,133,0.9323,0.000474562,2,Ahmed (2017),"Ahmed D, Nahid MA, Sami AB, et al. Bacterial etiology of bloodstream infections and antimicrobial resistance in Dhaka, Bangladesh, 2005-2014. Antimicrob Resist Infect Control 2017; 6."
161,2007,22,3,3026,South Asia,South Asia,Bangladesh,proportion,0,127,0.9685,0.000240219,2,Ahmed (2017),"Ahmed D, Nahid MA, Sami AB, et al. Bacterial etiology of bloodstream infections and antimicrobial resistance in Dhaka, Bangladesh, 2005-2014. Antimicrob Resist Infect Control 2017; 6."
161,2008,22,3,3026,South Asia,South Asia,Bangladesh,proportion,0,146,0.9932,4.63E-05,2,Ahmed (2017),"Ahmed D, Nahid MA, Sami AB, et al. Bacterial etiology of bloodstream infections and antimicrobial resistance in Dhaka, Bangladesh, 2005-2014. Antimicrob Resist Infect Control 2017; 6."
161,2009,22,3,3026,South Asia,South Asia,Bangladesh,proportion,0,102,0.999,9.79E-06,2,Ahmed (2017),"Ahmed D, Nahid MA, Sami AB, et al. Bacterial etiology of bloodstream infections and antimicrobial resistance in Dhaka, Bangladesh, 2005-2014. Antimicrob Resist Infect Control 2017; 6."
161,2010,22,3,501,South Asia,South Asia,Bangladesh,proportion,0,25,0.999,4.00E-05,2,Khanam (2014),"Khanam F, Qadri F. Characterization of the induced immune responses, clinical presentation and antibiotic susceptibility pattern in Bangladeshi S. ParaTyphi A bacteremic patients. Int J Infect Dis 2014; 21: 343."
161,2010,22,3,3026,South Asia,South Asia,Bangladesh,proportion,0,179,0.9888,6.19E-05,2,Ahmed (2017),"Ahmed D, Nahid MA, Sami AB, et al. Bacterial etiology of bloodstream infections and antimicrobial resistance in Dhaka, Bangladesh, 2005-2014. Antimicrob Resist Infect Control 2017; 6."
161,2011,22,3,1680,South Asia,South Asia,Bangladesh,proportion,0,25,0.32,0.008704,2,Afroze (2014),"Afroze SR, Rahim MA, Hasan MM, et al. Pattern of antibiotic sensitivity in enteric fever: A tertiary care hospital experience. Journal of Medicine (Bangladesh) 2014; 15(2): 122-4."
161,2011,22,3,3026,South Asia,South Asia,Bangladesh,proportion,0,135,0.9778,0.000160794,2,Ahmed (2017),"Ahmed D, Nahid MA, Sami AB, et al. Bacterial etiology of bloodstream infections and antimicrobial resistance in Dhaka, Bangladesh, 2005-2014. Antimicrob Resist Infect Control 2017; 6."
161,2012,22,3,3026,South Asia,South Asia,Bangladesh,proportion,0,129,0.999,7.74E-06,2,Ahmed (2017),"Ahmed D, Nahid MA, Sami AB, et al. Bacterial etiology of bloodstream infections and antimicrobial resistance in Dhaka, Bangladesh, 2005-2014. Antimicrob Resist Infect Control 2017; 6."
161,2013,22,3,3026,South Asia,South Asia,Bangladesh,proportion,0,107,0.9813,0.000171498,2,Ahmed (2017),"Ahmed D, Nahid MA, Sami AB, et al. Bacterial etiology of bloodstream infections and antimicrobial resistance in Dhaka, Bangladesh, 2005-2014. Antimicrob Resist Infect Control 2017; 6."
161,2014,22,3,3026,South Asia,South Asia,Bangladesh,proportion,0,110,0.999,9.08E-06,2,Ahmed (2017),"Ahmed D, Nahid MA, Sami AB, et al. Bacterial etiology of bloodstream infections and antimicrobial resistance in Dhaka, Bangladesh, 2005-2014. Antimicrob Resist Infect Control 2017; 6."
161,2015,22,3,5102,South Asia,South Asia,Bangladesh,proportion,0,6,0.999,0.0001665,2,Okanda (2018),"Okanda T, Haque A, Ehara T, et al. Characteristics of resistance mechanisms and molecular epidemiology of fluoroquinolone-nonsusceptible Salmonella enterica serovar Typhi and Paratyphi a isolates from a tertiary hospital in Dhaka, Bangladesh.Microbial Drug Resistance 2018;24(10):1460-1465"
163,1990,22,3,1761,South Asia,South Asia,India,proportion,0,17,0.001,5.88E-05,2,Chopra(1992),"Chopra GS, Basu SK, Bhattacharya SR. Present phage types and antibiotic susceptibility of Salmonellae. Indian J Pathol Microbiol 1992; 35(4): 345-50."
163,1991,22,3,135,South Asia,South Asia,India,proportion,0,13,0.001,7.68E-05,2,Mandal (2006),"Mandal S, Mandal M, Pal N. Antibiotic resistance of Salmonella enterica serovar ParaTyphi A in India: Emerging and reemerging problem. J Postgrad Med 2006; 52(3): 163-6."
163,1994,22,3,135,South Asia,South Asia,India,proportion,0,9,0.001,0.000111,2,Mandal (2006),"Mandal S, Mandal M, Pal N. Antibiotic resistance of Salmonella enterica serovar ParaTyphi A in India: Emerging and reemerging problem. J Postgrad Med 2006; 52(3): 163-6."
163,1995,22,3,135,South Asia,South Asia,India,proportion,1,12,0.25,0.015625,2,Mandal (2006),"Mandal S, Mandal M, Pal N. Antibiotic resistance of Salmonella enterica serovar ParaTyphi A in India: Emerging and reemerging problem. J Postgrad Med 2006; 52(3): 163-6."
163,1996,22,3,135,South Asia,South Asia,India,proportion,0,9,0.8889,0.010972977,2,Mandal (2006),"Mandal S, Mandal M, Pal N. Antibiotic resistance of Salmonella enterica serovar ParaTyphi A in India: Emerging and reemerging problem. J Postgrad Med 2006; 52(3): 163-6."
163,1997,22,3,135,South Asia,South Asia,India,proportion,0,10,0.999,9.99E-05,2,Mandal (2006),"Mandal S, Mandal M, Pal N. Antibiotic resistance of Salmonella enterica serovar ParaTyphi A in India: Emerging and reemerging problem. J Postgrad Med 2006; 52(3): 163-6."
163,1998,22,3,797,South Asia,South Asia,India,proportion,0,57,0.2105,0.00291561,1,Chandel(2000)?,"Chandel DS, Chaudhry R, Dhawan B, Pandey A, Dey AB. Drug-resistant Salmonella enterica serotype Paratyphi A in India. Emerg Infect Dis 2000; 6(4): 420-1."
163,1998,22,3,135,South Asia,South Asia,India,proportion,0,10,0.999,9.99E-05,2,Mandal (2006),"Mandal S, Mandal M, Pal N. Antibiotic resistance of Salmonella enterica serovar ParaTyphi A in India: Emerging and reemerging problem. J Postgrad Med 2006; 52(3): 163-6."
163,1999,22,3,118,South Asia,South Asia,India,proportion,0,28,0.5,0.008928571,1,Mohanty (2006),"Mohanty S, Renuka K, Sood S, Das BK, Kapil A. Antibiogram pattern and seasonality of Salmonella serotypes in a North Indian tertiary care hospital. Epidemiol Infect 2006; 134(5): 961-6."
163,1999,22,3,797,South Asia,South Asia,India,proportion,0,22,0.3182,0.009861307,1,Chandel(2000)?,"Chandel DS, Chaudhry R, Dhawan B, Pandey A, Dey AB. Drug-resistant Salmonella enterica serotype Paratyphi A in India. Emerg Infect Dis 2000; 6(4): 420-1."
163,2000,22,3,135,South Asia,South Asia,India,proportion,0,8,0.999,0.000124875,2,Mandal (2006),"Mandal S, Mandal M, Pal N. Antibiotic resistance of Salmonella enterica serovar ParaTyphi A in India: Emerging and reemerging problem. J Postgrad Med 2006; 52(3): 163-6."
163,2000,22,3,118,South Asia,South Asia,India,proportion,0,21,0.5714,0.011662002,1,Mohanty (2006),"Mohanty S, Renuka K, Sood S, Das BK, Kapil A. Antibiogram pattern and seasonality of Salmonella serotypes in a North Indian tertiary care hospital. Epidemiol Infect 2006; 134(5): 961-6."
163,2001,22,3,36,South Asia,South Asia,India,proportion,0,73,0.7671,0.002447364,1,Mandeep (2006),"Mandeep W, Rajni G, Premila P, Rajesh M, Pushpa A, Mani K. Age-related clinical and microbiological characteristics of enteric fever in India. Trans R Soc Trop Med Hyg 2006; 100(10): 942-8."
163,2001,22,3,118,South Asia,South Asia,India,proportion,0,28,0.7857,0.006013411,1,Mohanty (2006),"Mohanty S, Renuka K, Sood S, Das BK, Kapil A. Antibiogram pattern and seasonality of Salmonella serotypes in a North Indian tertiary care hospital. Epidemiol Infect 2006; 134(5): 961-6."
163,2001,22,3,135,South Asia,South Asia,India,proportion,0,6,0.999,0.0001665,2,Mandal (2006),"Mandal S, Mandal M, Pal N. Antibiotic resistance of Salmonella enterica serovar ParaTyphi A in India: Emerging and reemerging problem. J Postgrad Med 2006; 52(3): 163-6."
163,2002,22,3,118,South Asia,South Asia,India,proportion,0,28,0.8214,0.005239359,1,Mohanty (2006),"Mohanty S, Renuka K, Sood S, Das BK, Kapil A. Antibiogram pattern and seasonality of Salmonella serotypes in a North Indian tertiary care hospital. Epidemiol Infect 2006; 134(5): 961-6."
163,2002,22,3,471,South Asia,South Asia,India,proportion,0,13,0.999,7.68E-05,2,Lakshmi (2006),"Lakshmi V, Ashok R, Susmita J, Shailaja VV. Changing trends in the antibiograms of Salmonella isolates at a tertiary care hospital in Hyderabad. Indian J Med Microbiol 2006; 24(1): 45-8."
163,2003,22,3,118,South Asia,South Asia,India,proportion,0,50,0.9,0.0018,1,Mohanty (2006),"Mohanty S, Renuka K, Sood S, Das BK, Kapil A. Antibiogram pattern and seasonality of Salmonella serotypes in a North Indian tertiary care hospital. Epidemiol Infect 2006; 134(5): 961-6."
163,2003,22,3,900,South Asia,South Asia,India,proportion,0,15,0.8667,0.007702074,1,Jog (2008),"Jog S, Soman R, Singhal T, Rodrigues C, Mehta A, Dastur FD. Enteric fever in Mumbai--clinical profile, sensitivity patterns and response to antimicrobials. J Assoc Physicians India 2008; 56: 237-40."
163,2003,22,3,870,South Asia,South Asia,India,proportion,0,27,0.8519,0.004672829,2,Verma(2010),"Verma S, Thakur S, Kanga A, Singh G, Gupta P. Emerging Salmonella ParaTyphi A enteric fever and changing trends in antimicrobial resistance pattern of Salmonella in Shimla. Indian J Med Microbiol 2010; 28(1): 51-3."
163,2003,22,3,1894,South Asia,South Asia,India,proportion,0,20,0.001,5.00E-05,2,Bhatia (2007),"Bhatia JK, Mathur AD, Arora MM. Reemergence of chloramphenicol sensitivity in enteric fever. Med J Armed Forces India 2007; 63(3): 212-4."
163,2003,22,3,1848,South Asia,South Asia,India,proportion,0,80,0.7875,0.002091797,1,Joshi (2004),"Joshi S, Wattal C, Sharma A, Oberoi JK, Prasad KJ. Quinolones - Drug of choice for enteric fever? Indian J Med Microbiol 2004; 22(4): 271-2."
163,2003,22,3,1241,South Asia,South Asia,India,proportion,0,7,0.999,0.000142714,2,Gupta (2009)?,"Gupta V, Kaur J, Chander J. An increase in enteric fever cases due to Salmonella ParaTyphi A in & around Chandigarh. Indian J Med Res 2009a; 129(1): 95-8."
163,2004,22,3,471,South Asia,South Asia,India,proportion,0,7,0.8571,0.017497084,2,Lakshmi (2006),"Lakshmi V, Ashok R, Susmita J, Shailaja VV. Changing trends in the antibiograms of Salmonella isolates at a tertiary care hospital in Hyderabad. Indian J Med Microbiol 2006; 24(1): 45-8."
163,2004,22,3,900,South Asia,South Asia,India,proportion,0,15,0.8667,0.007702074,1,Jog (2008),"Jog S, Soman R, Singhal T, Rodrigues C, Mehta A, Dastur FD. Enteric fever in Mumbai--clinical profile, sensitivity patterns and response to antimicrobials. J Assoc Physicians India 2008; 56: 237-40."
163,2004,22,3,118,South Asia,South Asia,India,proportion,0,43,0.8837,0.0023901,1,Mohanty (2006),"Mohanty S, Renuka K, Sood S, Das BK, Kapil A. Antibiogram pattern and seasonality of Salmonella serotypes in a North Indian tertiary care hospital. Epidemiol Infect 2006; 134(5): 961-6."
163,2004,22,3,870,South Asia,South Asia,India,proportion,0,37,0.8919,0.002605794,2,Verma(2010),"Verma S, Thakur S, Kanga A, Singh G, Gupta P. Emerging Salmonella ParaTyphi A enteric fever and changing trends in antimicrobial resistance pattern of Salmonella in Shimla. Indian J Med Microbiol 2010; 28(1): 51-3."
163,2004,22,3,1241,South Asia,South Asia,India,proportion,0,14,0.999,7.14E-05,2,Gupta (2009)?,"Gupta V, Kaur J, Chander J. An increase in enteric fever cases due to Salmonella ParaTyphi A in & around Chandigarh. Indian J Med Res 2009a; 129(1): 95-8."
163,2004,22,3,1064,South Asia,South Asia,India,proportion,0,25,0.999,4.00E-05,1,Joshi (2007),"Joshi S, Amarnath SK. Fluoroquinolone resistance in Salmonella Typhi and S. ParaTyphi A in Bangalore, India. Trans R Soc Trop Med Hyg 2007; 101(3): 308-10."
163,2004,22,3,152,South Asia,South Asia,India,proportion,0,8,0.999,0.000124875,1,Dhanashree (2007),Dhanashree B. Antibiotic susceptibility profile of Salmonella enterica serovars: trend over three years showing re-emergence of chloramphenicol sensitivity and rare serovars. Indian J Med Sci 2007; 61(10): 576-9.
163,2005,22,3,1425,South Asia,South Asia,India,proportion,0,40,0.999,2.50E-05,1,Capoor(2009),"Capoor MR, Nair D, Walia NS, et al. Molecular analysis of high-level ciprofloxacin resistance in Salmonella enterica serovar Typhi and S. ParaTyphi A: need to expand the QRDR region. Epidemiol Infect 2009; 137(6): 871-8."
163,2005,22,3,152,South Asia,South Asia,India,proportion,0,11,0.9091,0.007512472,1,Dhanashree (2007),Dhanashree B. Antibiotic susceptibility profile of Salmonella enterica serovars: trend over three years showing re-emergence of chloramphenicol sensitivity and rare serovars. Indian J Med Sci 2007; 61(10): 576-9.
163,2005,22,3,1253,South Asia,South Asia,India,proportion,0,9,0.5556,0.027434293,2,Anup(2006),"Anup P, Subrata G, Sanjucta D, Dipika S, Bhattacharya MK, Bhattacharya SK. Increasing prevalence of Salmonella enterica serotype ParaTyphi-A in patients with enteric fever in a periurban slum setting of Kolkata, India. International Journal of Environmental Health Research 2006; 16(6): 455-9."
163,2005,22,3,870,South Asia,South Asia,India,proportion,0,16,0.999,6.24E-05,2,Verma(2010),"Verma S, Thakur S, Kanga A, Singh G, Gupta P. Emerging Salmonella ParaTyphi A enteric fever and changing trends in antimicrobial resistance pattern of Salmonella in Shimla. Indian J Med Microbiol 2010; 28(1): 51-3."
163,2005,22,3,900,South Asia,South Asia,India,proportion,0,16,0.999,6.24E-05,1,Jog (2008),"Jog S, Soman R, Singhal T, Rodrigues C, Mehta A, Dastur FD. Enteric fever in Mumbai--clinical profile, sensitivity patterns and response to antimicrobials. J Assoc Physicians India 2008; 56: 237-40."
163,2005,22,3,1807,South Asia,South Asia,India,proportion,0,16,0.6875,0.013427734,1,Gupta(2009),"Gupta S, Handa A, Chadha DS, Ganjoo RK, Panda RC. Profile of culture positive enteric fever from Bangalore. Med J Armed Forces India 2009; 65(4): 328-31."
163,2005,22,3,1062,South Asia,South Asia,India,proportion,0,24,0.999,4.16E-05,1,Harish (2006),"Harish BN, Menezes GA, Sarangapani K, Parija SC. Fluoroquinolone resistance among Salmonella enterica serovar ParaTyphi A in Pondicherry [2]. Indian J Med Res 2006; 124: 585-7."
163,2005,22,3,1241,South Asia,South Asia,India,proportion,0,13,0.999,7.68E-05,2,Gupta (2009)?,"Gupta V, Kaur J, Chander J. An increase in enteric fever cases due to Salmonella ParaTyphi A in & around Chandigarh. Indian J Med Res 2009a; 129(1): 95-8."
163,2005,22,3,4593,South Asia,South Asia,India,proportion,0,59,0.9661,0.000555098,1,Menezes (2016),"Menezes GA, Harish BN, Khan MA, Goessens W, Hays JP. Antimicrobial resistance trends in blood culture positive Salmonella ParaTyphi A isolates from Pondicherry, India. Indian J Med Microbiol 2016; 34(2): 222-7."
163,2006,22,3,1241,South Asia,South Asia,India,proportion,0,27,0.999,3.70E-05,2,Gupta (2009)?,"Gupta V, Kaur J, Chander J. An increase in enteric fever cases due to Salmonella ParaTyphi A in & around Chandigarh. Indian J Med Res 2009a; 129(1): 95-8."
163,2006,22,3,934,South Asia,South Asia,India,proportion,0,85,0.9882,0.000137185,1,Vidyalakshmi (2008),"Vidyalakshmi K, Yashavanth R, Chakrapani M, et al. Epidemiological shift, seasonal variation and antimicrobial susceptibility patterns among enteric fever pathogens in South India. Trop Doct 2008; 38(2): 89-91."
163,2006,22,3,1893,South Asia,South Asia,India,proportion,0,111,0.999,9.00E-06,1,Yashavanth (2010),"Yashavanth R, Vidyalakshmi K. The Re-Emergence of chloramphenicol sensitivity among enteric fever pathogens in Mangalore. J Clin Diagn Res 2010; 4(5): 3016-108."
163,2006,22,3,152,South Asia,South Asia,India,proportion,0,18,0.8889,0.005486488,1,Dhanashree (2007),Dhanashree B. Antibiotic susceptibility profile of Salmonella enterica serovars: trend over three years showing re-emergence of chloramphenicol sensitivity and rare serovars. Indian J Med Sci 2007; 61(10): 576-9.
163,2006,22,3,4371,South Asia,South Asia,India,proportion,0,28,0.9643,0.001229483,1,Kapil(2015),"Kapil A, Sharma P, Dahiya S, Sood S, Das B. Trends of Increasing Antimicrobial Resistance in Community Acquired infections- a Case Study of Enteric Fever and Health Implications. International Journal of Epidemiology 2015; 44: 99-100."
163,2006,22,3,904,South Asia,South Asia,India,proportion,0,56,0.9464,0.00090584,1,Capoor(2007),"Capoor MR, Nair D, Deb M, Aggarwal P. Enteric fever perspective in India: emergence of high-level ciprofloxacin resistance and rising MIC to cephalosporins. J Med Microbiol 2007; 56(Pt 8): 1131-2."
163,2006,22,3,4593,South Asia,South Asia,India,proportion,1,57,0.9825,0.000301645,1,Menezes (2016),"Menezes GA, Harish BN, Khan MA, Goessens W, Hays JP. Antimicrobial resistance trends in blood culture positive Salmonella ParaTyphi A isolates from Pondicherry, India. Indian J Med Microbiol 2016; 34(2): 222-7."
163,2006,22,3,1126,South Asia,South Asia,India,proportion,0,198,0.9747,0.000124545,1,Raveendran (2008),"Raveendran R, Wattal C, Sharma A, Oberoi J, Prasad K, Datta S. High level ciprofloxacin resistance in Salmonella enterica isolated from blood. Indian J Med Microbiol 2008; 26(1): 50-3."
163,2006,22,3,870,South Asia,South Asia,India,proportion,0,5,0.001,0.0001998,2,Verma(2010),"Verma S, Thakur S, Kanga A, Singh G, Gupta P. Emerging Salmonella ParaTyphi A enteric fever and changing trends in antimicrobial resistance pattern of Salmonella in Shimla. Indian J Med Microbiol 2010; 28(1): 51-3."
163,2007,22,3,1875,South Asia,South Asia,India,proportion,0,21,0.999,4.76E-05,2,Rai (2012)?,"Rai S, Jain S, Prasad KN, Ghoshal U, Dhole TN. Rationale of azithromycin prescribing practices for enteric fever in India. Indian J Med Microbiol 2012b; 30(1): 30-3."
163,2007,22,3,4593,South Asia,South Asia,India,proportion,0,65,0.999,1.54E-05,1,Menezes (2016),"Menezes GA, Harish BN, Khan MA, Goessens W, Hays JP. Antimicrobial resistance trends in blood culture positive Salmonella ParaTyphi A isolates from Pondicherry, India. Indian J Med Microbiol 2016; 34(2): 222-7."
163,2007,22,3,1241,South Asia,South Asia,India,proportion,0,13,0.999,7.68E-05,2,Gupta (2009)?,"Gupta V, Kaur J, Chander J. An increase in enteric fever cases due to Salmonella ParaTyphi A in & around Chandigarh. Indian J Med Res 2009a; 129(1): 95-8."
163,2007,22,3,5124,South Asia,South Asia,India,proportion,0,132,0.1818,0.001126885,1,Joshi (2019),"Joshi S, Adhikary R, Beena HB, et al. Trends in antibiotic susceptibility of enteric fever isolates from South India, 2002–2013.Medical Journal Armed Forces India 2019;75(1):81-85"
163,2007,22,3,1412,South Asia,South Asia,India,proportion,0,43,0.8837,0.0023901,1,Capoor (2009),"Capoor MR, Deepthi N, Jitendra P, et al. Minimum inhibitory concentration of carbapenems and tigecycline against Salmonella spp. J Med Microbiol 2009; 58(3): 337-41."
163,2008,22,3,262,South Asia,South Asia,India,proportion,0,132,0.8939,0.000718506,2,Kumar (2013)?,"Kumar MS, Kumar GSV, Prashanth HV, Prakash R, Veena K, Chandrashekar SC. Antimicrobial susceptibility of enteric fever Salmonellae isolated from blood culture. Res J Pharm Biol Chem Sci 2013b; 4(3): 318-24."
163,2008,22,3,5124,South Asia,South Asia,India,proportion,0,204,0.8971,0.000452508,1,Joshi (2019),"Joshi S, Adhikary R, Beena HB, et al. Trends in antibiotic susceptibility of enteric fever isolates from South India, 2002–2013.Medical Journal Armed Forces India 2019;75(1):81-85"
163,2008,22,3,4593,South Asia,South Asia,India,proportion,0,59,0.999,1.69E-05,1,Menezes (2016),"Menezes GA, Harish BN, Khan MA, Goessens W, Hays JP. Antimicrobial resistance trends in blood culture positive Salmonella ParaTyphi A isolates from Pondicherry, India. Indian J Med Microbiol 2016; 34(2): 222-7."
163,2008,22,3,2334,South Asia,South Asia,India,proportion,0,18,0.999,5.55E-05,2,Gupta (2013),"Gupta V, Singla N, Bansal N, Kaistha N, Chander J. Trends in the antibiotic resistance patterns of enteric fever isolates - a three year report from a tertiary care centre. Malays J Med Sci 2013; 20(4): 71-5."
163,2008,22,3,3113,South Asia,South Asia,India,proportion,0,311,0.881,0.000337103,2,Joshi(2012),Joshi S. Antibiogram of S. enterica serovar Typhi and S. enterica serovar ParaTyphi A: a multi-centre study from India. WHO South-East Asia j 2012; 1(2): 182-8.
163,2008,22,3,1424,South Asia,South Asia,India,proportion,0,41,0.9756,0.000580601,2,Muthu(2014),"Muthu G, Suresh A, Elumalaisathishkumar, et al. Molecular analysis of gyramutations in Salmonella Paratyphi ABY PCR-RFLP and sequencing method. International Journal of Pharmacy and Pharmaceutical Sciences 2014; 6(4): 658-60."
163,2008,22,3,2165,South Asia,South Asia,India,proportion,0,41,0.9756,0.000580601,1,Gopal(2011),"Gopal M, Arumugam S, Gnadesikan S, Ramesh S. Studies on antimicrobial susceptibility pattern of Salmonella isolates from Chennai, India. Int J Pharma Bio Sci 2011; 2(2)."
163,2009,22,3,4593,South Asia,South Asia,India,proportion,0,44,0.999,2.27E-05,1,Menezes (2016),"Menezes GA, Harish BN, Khan MA, Goessens W, Hays JP. Antimicrobial resistance trends in blood culture positive Salmonella ParaTyphi A isolates from Pondicherry, India. Indian J Med Microbiol 2016; 34(2): 222-7."
163,2009,22,3,3113,South Asia,South Asia,India,proportion,0,22,0.9091,0.003756236,2,Joshi(2012),Joshi S. Antibiogram of S. enterica serovar Typhi and S. enterica serovar ParaTyphi A: a multi-centre study from India. WHO South-East Asia j 2012; 1(2): 182-8.
163,2009,22,3,2967,South Asia,South Asia,India,proportion,0,20,0.95,0.002375,2,Iyer (2017),"Iyer RN, Jangam RR, Jacinth A, Venkatalakshmi A, Nahdi FB. Prevalence and trends in the antimicrobial susceptibility pattern of Salmonella enterica serovars Typhi and ParaTyphi A among children in a pediatric tertiary care hospital in South India over a period of ten years: a retrospective study. Eur J Clin Microbiol Infect Dis 2017; 07: 07."
163,2009,22,3,2334,South Asia,South Asia,India,proportion,1,16,0.999,6.24E-05,2,Gupta (2013),"Gupta V, Singla N, Bansal N, Kaistha N, Chander J. Trends in the antibiotic resistance patterns of enteric fever isolates - a three year report from a tertiary care centre. Malays J Med Sci 2013; 20(4): 71-5."
163,2009,22,3,4585,South Asia,South Asia,India,proportion,0,140,0.9786,0.000149586,2,Mahapatra (2016),"Mahapatra A, Patro S, Choudhury S, Padhee A, Das R. Emerging enteric fever due to switching biotype of Salmonella (ParaTyphi A) in Eastern Odisha. Indian J Pathol Microbiol 2016; 59(3): 327-9."
163,2009,22,3,3113,South Asia,South Asia,India,proportion,0,217,0.9724,0.000123679,2,Joshi(2012),Joshi S. Antibiogram of S. enterica serovar Typhi and S. enterica serovar ParaTyphi A: a multi-centre study from India. WHO South-East Asia j 2012; 1(2): 182-8.
163,2009,22,3,5124,South Asia,South Asia,India,proportion,0,106,0.9906,8.78E-05,1,Joshi (2019),"Joshi S, Adhikary R, Beena HB, et al. Trends in antibiotic susceptibility of enteric fever isolates from South India, 2002–2013.Medical Journal Armed Forces India 2019;75(1):81-85"
163,2010,22,3,2334,South Asia,South Asia,India,proportion,0,11,0.999,9.08E-05,2,Gupta (2013),"Gupta V, Singla N, Bansal N, Kaistha N, Chander J. Trends in the antibiotic resistance patterns of enteric fever isolates - a three year report from a tertiary care centre. Malays J Med Sci 2013; 20(4): 71-5."
163,2010,22,3,3113,South Asia,South Asia,India,proportion,0,236,0.928,0.000283119,2,Joshi(2012),Joshi S. Antibiogram of S. enterica serovar Typhi and S. enterica serovar ParaTyphi A: a multi-centre study from India. WHO South-East Asia j 2012; 1(2): 182-8.
163,2010,22,3,248,South Asia,South Asia,India,proportion,1,7,0.2857,0.029153644,1,Dutta (2014),"Dutta S, Das S, Mitra U, et al. Antimicrobial resistance, virulence profiles and molecular subtypes of Salmonella enterica serovars Typhi and ParaTyphi A blood isolates from Kolkata, India during 2009-2013. PLoS ONE 2014; 9(8): e101347."
163,2010,22,3,2820,South Asia,South Asia,India,proportion,0,16,0.625,0.014648438,1,Shetty (2012),"Shetty AK, Shetty IN, Furtado ZV, Antony B, Boloor R. Antibiogram of Salmonella isolates from blood with an emphasis on nalidixic acid and chloramphenicol susceptibility in a tertiary care hospital in coastal karnataka: a prospective study. J Lab Physicians 2012; 4(2): 74-7."
163,2010,22,3,744,South Asia,South Asia,India,proportion,0,31,0.999,3.22E-05,2,Elumalai (2014),"Elumalai S, Muthu G, Selvam RE, Ramesh S. Detection of TEM-, SHV- and CTX-M-type beta-lactamase production among clinical isolates of Salmonella species. J Med Microbiol 2014; 63(Pt 7): 962-7."
163,2010,22,3,3082,South Asia,South Asia,India,proportion,0,12,0.999,8.32E-05,2,Duggal (2016),"Duggal S, Banerjee P, Chugh TD. Review of fifty culture proven Salmonella cases. Indian J Med Sci 2016; 68(1): 67-72."
163,2010,22,3,3113,South Asia,South Asia,India,proportion,0,18,0.8333,0.007717284,2,Joshi(2012),Joshi S. Antibiogram of S. enterica serovar Typhi and S. enterica serovar ParaTyphi A: a multi-centre study from India. WHO South-East Asia j 2012; 1(2): 182-8.
163,2010,22,3,207,South Asia,South Asia,India,proportion,0,28,0.999,3.57E-05,1,Jain (2013),"Jain S, Chugh TD. Antimicrobial resistance among blood culture isolates of Salmonella enterica in New Delhi. J Infect Dev Ctries 2013; 7(11): 788-95."
163,2010,22,3,4650,South Asia,South Asia,India,proportion,0,16,0.001,6.24E-05,2,Yadav (2016),"Yadav VC, Kiran VR, Sharma R. Enteric fever in Bastar tribal region-prevalence and sensitivity patterns. J Evol Med Dent Sci 2016; 5(53): 3526-30."
163,2010,22,3,2967,South Asia,South Asia,India,proportion,0,5,0.8,0.032,2,Iyer (2017),"Iyer RN, Jangam RR, Jacinth A, Venkatalakshmi A, Nahdi FB. Prevalence and trends in the antimicrobial susceptibility pattern of Salmonella enterica serovars Typhi and ParaTyphi A among children in a pediatric tertiary care hospital in South India over a period of ten years: a retrospective study. Eur J Clin Microbiol Infect Dis 2017; 07: 07."
163,2010,22,3,5124,South Asia,South Asia,India,proportion,1,60,0.9833,0.000273685,1,Joshi (2019),"Joshi S, Adhikary R, Beena HB, et al. Trends in antibiotic susceptibility of enteric fever isolates from South India, 2002–2013.Medical Journal Armed Forces India 2019;75(1):81-85"
163,2010,22,3,5069,South Asia,South Asia,India,proportion,0,18,0.999,5.55E-05,1,Bandyopadhyay(2018),"Bandyopadhyay R, Balaji V, Yadav B, Jasmine S, Sathyendra S, Rupali P. Effectiveness of treatment regimens for Typhoid fever in the nalidixic acid-resistant S. Typhi (NARST) era in South India. Trop Doct 2018; 48(3): 182-8."
163,2011,22,3,1730,South Asia,South Asia,India,proportion,0,27,0.999,3.70E-05,1,Geetha (2014),"Geetha VK, Yugendran T, Srinivasan R, Harish BN. Plasmid-mediated quinolone resistance in typhoidal Salmonellae: a preliminary report from South India. Indian J Med Microbiol 2014; 32(1): 31-4."
163,2011,22,3,5124,South Asia,South Asia,India,proportion,0,73,0.9726,0.000365058,1,Joshi (2019),"Joshi S, Adhikary R, Beena HB, et al. Trends in antibiotic susceptibility of enteric fever isolates from South India, 2002–2013.Medical Journal Armed Forces India 2019;75(1):81-85"
163,2011,22,3,207,South Asia,South Asia,India,proportion,1,33,0.999,3.03E-05,1,Jain (2013),"Jain S, Chugh TD. Antimicrobial resistance among blood culture isolates of Salmonella enterica in New Delhi. J Infect Dev Ctries 2013; 7(11): 788-95."
163,2011,22,3,5097,South Asia,South Asia,India,proportion,0,9,0.999,0.000111,2,Makkar (2018),"Makkar A, Gupta S, Khan ID, et al. Epidemiological Profile and Antimicrobial Resistance Pattern of Enteric Fever in a Tertiary Care Hospital of North India - a Seven Year Ambispective Study.Acta Medica (Hradec Kralove) 2018;61(4):125-130"
163,2011,22,3,4650,South Asia,South Asia,India,proportion,0,11,0.001,9.08E-05,2,Yadav (2016),"Yadav VC, Kiran VR, Sharma R. Enteric fever in Bastar tribal region-prevalence and sensitivity patterns. J Evol Med Dent Sci 2016; 5(53): 3526-30."
163,2012,22,3,117,South Asia,South Asia,India,proportion,0,64,0.999,1.56E-05,1,Venkatesh (2013),"Venkatesh BM, Joshi S, Adhikary R, Bhaskar BH. Antibiogram of Salmonella Typhi and Salmonella ParaTyphi A in a tertiary care hospital in 2012. Indian J Pathol Microbiol 2013; 56(4): 484-5."
163,2012,22,3,4519,South Asia,South Asia,India,proportion,0,53,0.9057,0.001611462,1,Chatterjee(2016),"Chatterjee S, Eshwara VK, Tellapragada C, Mukhopadhyay C. Azithromycin susceptibility among clinical isolates of Salmonella: Interfacing guidelines with routine practices. Indian J Med Microbiol 2016; 34(3): 397-8."
163,2012,22,3,151,South Asia,South Asia,India,proportion,0,25,0.96,0.001536,2,Suruchi (2014),"Suruchi B, Anil K, Ganju SA, Atal S. Antibiotic susceptibility pattern of Salmonella enterica serovar Typhi and ParaTyphi a from North India: the changing scenario. Int J Pharma Bio Sci 2014; 5(4)."
163,2012,22,3,2977,South Asia,South Asia,India,proportion,1,22,0.5909,0.010988054,1,Harichandran (2017),"Harichandran D, Dinesh KR. Antimicrobial susceptibility profile, treatment outcome and serotype distribution of clinical isolates of Salmonella enterica subspecies enterica: a 2-year study from Kerala, South India. Infect Drug Resist 2017; 10: 97-101."
163,2012,22,3,5097,South Asia,South Asia,India,proportion,0,13,0.9231,0.005460492,2,Makkar (2018),"Makkar A, Gupta S, Khan ID, et al. Epidemiological Profile and Antimicrobial Resistance Pattern of Enteric Fever in a Tertiary Care Hospital of North India - a Seven Year Ambispective Study.Acta Medica (Hradec Kralove) 2018;61(4):125-130"
163,2012,22,3,3012,South Asia,South Asia,India,proportion,0,16,0.6875,0.013427734,2,Behl(2017),"Behl P, Gupta V, Sachdev A, Guglani V, Chander J. Patterns in antimicrobial susceptibility of Salmonellae isolated at a tertiary care hospital in northern India. Indian J Med Res 2017; 145(1): 124-8."
163,2012,22,3,5124,South Asia,South Asia,India,proportion,0,91,0.999,1.10E-05,1,Joshi (2019),"Joshi S, Adhikary R, Beena HB, et al. Trends in antibiotic susceptibility of enteric fever isolates from South India, 2002–2013.Medical Journal Armed Forces India 2019;75(1):81-85"
163,2012,22,3,248,South Asia,South Asia,India,proportion,0,9,0.999,0.000111,1,Dutta (2014),"Dutta S, Das S, Mitra U, et al. Antimicrobial resistance, virulence profiles and molecular subtypes of Salmonella enterica serovars Typhi and ParaTyphi A blood isolates from Kolkata, India during 2009-2013. PLoS ONE 2014; 9(8): e101347."
163,2012,22,3,4627,South Asia,South Asia,India,proportion,0,10,0.9,0.009,1,Sharma (2016),"Sharma P, Dahiya S, Balaji V, et al. Typhoidal Salmonellae: Use of multi-locus sequence typing to determine population structure. PLoS ONE 2016; 11(9)."
163,2012,22,3,4650,South Asia,South Asia,India,proportion,0,14,0.0714,0.00473586,2,Yadav (2016),"Yadav VC, Kiran VR, Sharma R. Enteric fever in Bastar tribal region-prevalence and sensitivity patterns. J Evol Med Dent Sci 2016; 5(53): 3526-30."
163,2012,22,3,2967,South Asia,South Asia,India,proportion,0,8,0.999,0.000124875,2,Iyer (2017),"Iyer RN, Jangam RR, Jacinth A, Venkatalakshmi A, Nahdi FB. Prevalence and trends in the antimicrobial susceptibility pattern of Salmonella enterica serovars Typhi and ParaTyphi A among children in a pediatric tertiary care hospital in South India over a period of ten years: a retrospective study. Eur J Clin Microbiol Infect Dis 2017; 07: 07."
163,2012,22,3,5110,South Asia,South Asia,India,proportion,0,17,0.999,5.88E-05,1,Sharma (2018),"Sharma P, Dahiya S, Manral N, et al. Changing trends of culture-positive typhoid fever and antimicrobial susceptibility in a tertiary care North Indian Hospital over the last decade.Indian Journal of Medical Microbiology 2018;36(1):70-76"
163,2012,22,3,696,South Asia,South Asia,India,proportion,1,11,0.999,9.08E-05,2,Mathew (2014),"Mathew R, Jobin SR. Current trends of antimicrobial susceptibility of Salmonella enterica serovar Typhi and ParaTyphi a from blood cultures in a tertiary care center of Chennai, Tamil Nadu, India. Res J Pharm Biol Chem Sci 2014; 5(2): 1167-74."
163,2012,22,3,207,South Asia,South Asia,India,proportion,0,16,0.999,6.24E-05,1,Jain (2013),"Jain S, Chugh TD. Antimicrobial resistance among blood culture isolates of Salmonella enterica in New Delhi. J Infect Dev Ctries 2013; 7(11): 788-95."
163,2013,22,3,4597,South Asia,South Asia,India,proportion,0,8,0.999,0.000124875,1,Misra (2016),"Misra R, Thakare R, Amrin N, Prasad KN, Chopra S, Dhole TN. Antimicrobial susceptibility pattern and sequence analysis of DNA gyrase and DNA topoisomerase IV in Salmonella enterica serovars Typhi and ParaTyphi A isolates with decreased susceptibility to ciprofloxacin. Trans R Soc Trop Med Hyg 2016; 110(8): 472-9."
163,2013,22,3,248,South Asia,South Asia,India,proportion,0,9,0.999,0.000111,1,Dutta (2014),"Dutta S, Das S, Mitra U, et al. Antimicrobial resistance, virulence profiles and molecular subtypes of Salmonella enterica serovars Typhi and ParaTyphi A blood isolates from Kolkata, India during 2009-2013. PLoS ONE 2014; 9(8): e101347."
163,2013,22,3,5097,South Asia,South Asia,India,proportion,0,11,0.999,9.08E-05,2,Makkar (2018),"Makkar A, Gupta S, Khan ID, et al. Epidemiological Profile and Antimicrobial Resistance Pattern of Enteric Fever in a Tertiary Care Hospital of North India - a Seven Year Ambispective Study.Acta Medica (Hradec Kralove) 2018;61(4):125-130"
163,2013,22,3,3039,South Asia,South Asia,India,proportion,0,117,0.999,8.54E-06,2,Sharvani (2016),"Sharvani R, Hemavathi, Dayanand DK, Shenoy P, Sarmah P. Antibiogram of Salmonella isolates: time to consider antibiotic salvage. J Clin Diagn Res 2016; 10(5): DC6-DC8."
163,2013,22,3,4650,South Asia,South Asia,India,proportion,0,14,0.1429,0.008748542,2,Yadav (2016),"Yadav VC, Kiran VR, Sharma R. Enteric fever in Bastar tribal region-prevalence and sensitivity patterns. J Evol Med Dent Sci 2016; 5(53): 3526-30."
163,2013,22,3,5124,South Asia,South Asia,India,proportion,0,111,0.999,9.00E-06,1,Joshi (2019),"Joshi S, Adhikary R, Beena HB, et al. Trends in antibiotic susceptibility of enteric fever isolates from South India, 2002–2013.Medical Journal Armed Forces India 2019;75(1):81-85"
163,2013,22,3,2967,South Asia,South Asia,India,proportion,0,6,0.999,0.0001665,2,Iyer (2017),"Iyer RN, Jangam RR, Jacinth A, Venkatalakshmi A, Nahdi FB. Prevalence and trends in the antimicrobial susceptibility pattern of Salmonella enterica serovars Typhi and ParaTyphi A among children in a pediatric tertiary care hospital in South India over a period of ten years: a retrospective study. Eur J Clin Microbiol Infect Dis 2017; 07: 07."
163,2013,22,3,5110,South Asia,South Asia,India,proportion,0,6,0.999,0.0001665,1,Sharma (2018),"Sharma P, Dahiya S, Manral N, et al. Changing trends of culture-positive typhoid fever and antimicrobial susceptibility in a tertiary care North Indian Hospital over the last decade.Indian Journal of Medical Microbiology 2018;36(1):70-76"
163,2014,22,3,4597,South Asia,South Asia,India,proportion,0,6,0.999,0.0001665,1,Misra (2016),"Misra R, Thakare R, Amrin N, Prasad KN, Chopra S, Dhole TN. Antimicrobial susceptibility pattern and sequence analysis of DNA gyrase and DNA topoisomerase IV in Salmonella enterica serovars Typhi and ParaTyphi A isolates with decreased susceptibility to ciprofloxacin. Trans R Soc Trop Med Hyg 2016; 110(8): 472-9."
163,2014,22,3,5110,South Asia,South Asia,India,proportion,0,5,0.999,0.0001998,1,Sharma (2018),"Sharma P, Dahiya S, Manral N, et al. Changing trends of culture-positive typhoid fever and antimicrobial susceptibility in a tertiary care North Indian Hospital over the last decade.Indian Journal of Medical Microbiology 2018;36(1):70-76"
163,2014,22,3,5097,South Asia,South Asia,India,proportion,0,35,0.9429,0.001538274,2,Makkar (2018),"Makkar A, Gupta S, Khan ID, et al. Epidemiological Profile and Antimicrobial Resistance Pattern of Enteric Fever in a Tertiary Care Hospital of North India - a Seven Year Ambispective Study.Acta Medica (Hradec Kralove) 2018;61(4):125-130"
163,2015,22,3,5097,South Asia,South Asia,India,proportion,0,18,0.8889,0.005486488,2,Makkar (2018),"Makkar A, Gupta S, Khan ID, et al. Epidemiological Profile and Antimicrobial Resistance Pattern of Enteric Fever in a Tertiary Care Hospital of North India - a Seven Year Ambispective Study.Acta Medica (Hradec Kralove) 2018;61(4):125-130"
163,2015,22,3,5110,South Asia,South Asia,India,proportion,0,13,0.999,7.68E-05,1,Sharma (2018),"Sharma P, Dahiya S, Manral N, et al. Changing trends of culture-positive typhoid fever and antimicrobial susceptibility in a tertiary care North Indian Hospital over the last decade.Indian Journal of Medical Microbiology 2018;36(1):70-76"
163,2015,22,3,2999,South Asia,South Asia,India,proportion,0,162,0.8519,0.000778805,1,Dahiya(2017),"Dahiya S, Sharma P, Kumari B, et al. Characterisation of antimicrobial resistance in Salmonellae during 2014-2015 from four centres across India: An ICMR antimicrobial resistance surveillance network report. Indian J Med Microbiol 2017; 35(1): 61-8."
163,2016,22,3,5110,South Asia,South Asia,India,proportion,0,24,0.999,4.16E-05,1,Sharma (2018),"Sharma P, Dahiya S, Manral N, et al. Changing trends of culture-positive typhoid fever and antimicrobial susceptibility in a tertiary care North Indian Hospital over the last decade.Indian Journal of Medical Microbiology 2018;36(1):70-76"
163,2016,22,3,5097,South Asia,South Asia,India,proportion,0,33,1.2424,-0.009125993,2,Makkar (2018),"Makkar A, Gupta S, Khan ID, et al. Epidemiological Profile and Antimicrobial Resistance Pattern of Enteric Fever in a Tertiary Care Hospital of North India - a Seven Year Ambispective Study.Acta Medica (Hradec Kralove) 2018;61(4):125-130"
163,2016,22,3,2967,South Asia,South Asia,India,proportion,0,10,0.999,9.99E-05,2,Iyer (2017),"Iyer RN, Jangam RR, Jacinth A, Venkatalakshmi A, Nahdi FB. Prevalence and trends in the antimicrobial susceptibility pattern of Salmonella enterica serovars Typhi and ParaTyphi A among children in a pediatric tertiary care hospital in South India over a period of ten years: a retrospective study. Eur J Clin Microbiol Infect Dis 2017; 07: 07."
163,2017,22,3,5097,South Asia,South Asia,India,proportion,0,38,0.7632,0.004755941,2,Makkar (2018),"Makkar A, Gupta S, Khan ID, et al. Epidemiological Profile and Antimicrobial Resistance Pattern of Enteric Fever in a Tertiary Care Hospital of North India - a Seven Year Ambispective Study.Acta Medica (Hradec Kralove) 2018;61(4):125-130"
164,2001,22,3,3669,South Asia,South Asia,Nepal,proportion,0,57,0.8421,0.002332765,2,Woods (2006),"Woods CW, Murdoch DR, Zimmerman MD, et al. Emergence of Salmonella enterica serotype ParaTyphi A as a major cause of enteric fever in Kathmandu, Nepal. Trans R Soc Trop Med Hyg 2006; 100(11): 1063-7."
164,2003,22,3,3745,South Asia,South Asia,Nepal,proportion,0,134,0.5299,0.001859,2,Khanal (2008),"Khanal B, Sharma SK, Amatya R, Poudyal N. Salmonella Typhi and ParaTyphi A in Eastern Nepal-Trends in Antimicrobial Resistance. Int J Infect Dis 2008; 12: E109-E."
164,2003,22,3,4673,South Asia,South Asia,Nepal,proportion,0,8,0.999,0.000124875,3,Blacksell (2007),"Blacksell SD, Sharma NP, Phumratanaprapin W, et al. Serological and blood culture investigations of Nepalese fever patients. Trans R Soc Trop Med Hyg 2007; 101(7): 686-90."
164,2003,22,3,712,South Asia,South Asia,Nepal,proportion,0,39,0.9487,0.001247905,2,Shirakawa (2006),"Shirakawa T, Acharya B, Kinoshita S, Kumagai S, Gotoh A, Kawabata M. Decreased susceptibility to fluoroquinolones and gyrA gene mutation in the Salmonella enterica serovar Typhi and ParaTyphi A isolated in Katmandu, Nepal, in 2003. Diagn Microbiol Infect Dis 2006; 54(4): 299-303."
164,2004,22,3,1988,South Asia,South Asia,Nepal,proportion,0,198,0.7525,0.000940625,2,Maskey (2006),"Maskey AP, Day JN, Phung QT, et al. Salmonella enterica serovar ParaTyphi A and S. enterica serovar Typhi cause indistinguishable clinical syndromes in Kathmandu, Nepal. Clin Infect Dis 2006; 42(9): 1247-53."
164,2005,22,3,850,South Asia,South Asia,Nepal,proportion,0,28,0.8571,0.004374271,2,Tamang (2007),"Tamang MD, Oh J, Seol S, et al. Emergence of multidrug-resistant Salmonella enterica serovar Typhi associated with a class 1 integron carrying the dfrA7 gene cassette in Nepal. Int J Antimicrob Agents 2007; 30(4): 330-5."
164,2005,22,3,971,South Asia,South Asia,Nepal,proportion,0,10,0.999,9.99E-05,2,Amatya (2007),"Amatya NM, Shrestha B, Lekhak B. Etiological agents of bacteraemia and antibiotic susceptibility pattern in Kathmandu Model Hospital. JNMA J Nepal Med Assoc 2007; 46(167): 112-8."
164,2007,22,3,396,South Asia,South Asia,Nepal,proportion,0,30,0.9,0.003,2,Pradhan (2012),"Pradhan R, Shrestha U, Gautam SC, et al. Bloodstream infection among children presenting to a general hospital outpatient clinic in urban Nepal. PLoS ONE 2012; 7(10): e47531."
164,2007,22,3,1092,South Asia,South Asia,Nepal,proportion,0,102,0.902,0.000866627,2,Arjyal (2011),"Arjyal A, Basnyat B, Koirala S, et al. Gatifloxacin versus chloramphenicol for uncomplicated enteric fever: an open-label, randomised, controlled trial. Lancet Infect Dis 2011; 11(6): 445-54."
164,2008,22,3,1989,South Asia,South Asia,Nepal,proportion,0,30,0.9333,0.002075037,2,Acharya (2011),"Acharya D, Bhatta DR, Malla S, Dumre SP, Adhikari N, Kandel BP. Salmonella enterica serovar ParaTyphi A: an emerging cause of febrile illness in Nepal. Nepal Med Coll J 2011; 13(2): 69-73."
164,2009,22,3,1132,South Asia,South Asia,Nepal,proportion,0,47,0.9362,0.001270842,2,Karki (2013),"Karki AB, Bhatta DR, Shrestha B, et al. Higher nalidixic acid resistance pattern of Salmonella isolates from enteric fever patients in kathmandu model hospital Nepal. Res J Pharm Biol Chem Sci 2013; 4(2): 1687-93."
164,2009,22,3,1402,South Asia,South Asia,Nepal,proportion,0,19,0.8421,0.006998294,2,Dongol(2012),"Dongol S, Thompson CN, Clare S, et al. The microbiological and clinical characteristics of invasive Salmonella in gallbladders from cholecystectomy patients in kathmandu, Nepal. PLoS ONE 2012; 7(10): e47342."
164,2010,22,3,1093,South Asia,South Asia,Nepal,proportion,0,86,0.999,1.16E-05,2,Koirala (2013),"Koirala S, Basnyat B, Arjyal A, et al. Gatifloxacin versus ofloxacin for the treatment of uncomplicated enteric fever in Nepal: an open-label, randomized, controlled trial. PLoS Negl Trop Dis 2013; 7(10): e2523."
164,2011,22,3,2808,South Asia,South Asia,Nepal,proportion,0,166,0.9578,0.000243489,2,Chaudhary (2011),"Chaudhary R, Sijapati K, Singh SK. A study on nalidixic acid resistant Salmonella among the patients attending Shree Birendra Hospital. Med J Shree Birendra Hosp 2011; 10(2): 1-3."
164,2011,22,3,593,South Asia,South Asia,Nepal,proportion,0,15,0.6,0.016,2,Joshi (2011),"Joshi BG, Keyal K, Pandey R, Shrestha BM. Clinical profile and sensitivity pattern of Salmonella serotypes in children: A hospital based study. Journal of Nepal Paediatric Society 2011; 31(3): 180-3."
164,2011,22,3,2806,South Asia,South Asia,Nepal,proportion,0,23,0.999,4.34E-05,2,Adhikari (2012),"Adhikari D, Acharya D, Shrestha P, Amatya R. Ciprofloxacin susceptibility of Salmonella enteric serovar Typhi and ParaTyphi A from blood samples of suspected enteric fever patients. International Journal of Infection and Microbiology 2012; 1(1): 9-13."
164,2012,22,3,1895,South Asia,South Asia,Nepal,proportion,0,30,0.9,0.003,2,Chand (2014),"Chand HJ, Rijal KR, Neupane B, Sharma VK, Jha B. Re-emergence of susceptibility to conventional first line drugs in Salmonella isolates from enteric fever patients in Nepal. J Infect Dev Ctries 2014; 8(11): 1483-7."
164,2012,22,3,1323,South Asia,South Asia,Nepal,proportion,0,13,0.999,7.68E-05,2,Rai (2012)?,"Rai GK, Karki S, Prajapati B. Is antimicrobial resistance pattern of enteric fever changing in Kathmandu valley? Journal of Nepal Paediatric Society 2012a; 32(3): 221-8."
164,2013,22,3,3182,South Asia,South Asia,Nepal,proportion,0,34,0.999,2.94E-05,2,Arjyal (2016),"Arjyal A, Basnyat B, Nhan HT, et al. Gatifloxacin versus ceftriaxone for uncomplicated enteric fever in Nepal: an open-label, two-centre, randomised controlled trial. Lancet Infect Dis 2016; 16(5): 535-45."
164,2013,22,3,5104,South Asia,South Asia,Nepal,proportion,0,42,0.9048,0.00205088,2,Petersiel (2018),"Petersiel N, Shresta S, Tamrakar R, et al. The epidemiology of typhoid fever in the Dhulikhel area, Nepal: A prospective cohort study.PLoS ONE 2018;13 (9) (no pagination)(e0204479):"
164,2015,22,3,2913,South Asia,South Asia,Nepal,proportion,0,23,0.999,4.34E-05,3,Sherchan(2017),"Sherchan JB, Morita M, Matono T, et al. Molecular and Clinical Epidemiology of Salmonella ParaTyphi A Isolated from Patients with Bacteremia in Nepal. Am J Trop Med Hyg 2017; 09: 09."
164,2015,22,3,2979,South Asia,South Asia,Nepal,proportion,0,35,0.999,2.85E-05,2,Gurung (2017),"Gurung B, Pandey S, Shah DK, et al. Antibiogram pattern of Salmonella in blood samples of enteric fever patients at lalitpur, nepal. Asian Pac J Trop Dis 2017; 7(1): 21-4."
164,2016,22,3,5049,South Asia,South Asia,Nepal,proportion,0,83,0.5301,0.003001132,2,Bhetwal (2017),"Bhetwal A, Maharjan A, Khanal PR and Parajuli NP. Enteric Fever Caused by Salmonella enterica Serovars with Reduced Susceptibility of Fluoroquinolones at a Community Based Teaching Hospital of Nepal.International Journal of Microbiology 2017;2017(2869458"
164,2016,22,3,5073,South Asia,South Asia,Nepal,proportion,0,5,0.999,0.0001998,2,Britto (2018),"Britto CD, Dyson ZA, Duchene S, et al. Laboratory and molecular surveillance of paediatric typhoidal Salmonella in Nepal: Antimicrobial resistance and implications for vaccine policy.PLoS Neglected Tropical Diseases [electronic resource] 2018;12(4):e0006408"
164,2016,22,3,2958,South Asia,South Asia,Nepal,proportion,1,14,0.001,7.14E-05,2,Khanal (2017),"Khanal PR, Satyal D, Bhetwal A, et al. Renaissance of conventional first-line antibiotics in Salmonella enterica clinical isolates: Assessment of MICs for therapeutic antimicrobials in enteric fever cases from Nepal. Biomed Res Int 2017; 2017: 2868143."
165,2001,22,3,1071,South Asia,South Asia,Pakistan,proportion,0,100,0.11,0.000979,2,Anjum (2004),"Anjum P, Qureshi AH, Rafi S. Fluroquinolone resistance in typhoidal Salmonella and its detection by nalidixic acid disc diffusion. J Pak Med Assoc 2004; 54(6): 295-301."
165,2003,22,3,2446,South Asia,South Asia,Pakistan,proportion,0,99,0.1212,0.001075864,2,Butt (2006),"Butt T, Khan MY, Ahmad RN, Salman M, Afzal RK. Validity of nalidixic acid screening in fluoroquinolone-resistant typhoid Salmonellae. J Coll Physicians Surg Pak 2006; 16(1): 31-4."
165,2007,22,3,4363,South Asia,South Asia,Pakistan,proportion,0,70,0.5429,0.003545137,2,Ikram (2015),"Ikram S, Hussain S, Aslam A, Khan MD, Ahmed I. Evaluation of the current trends in the antimicrobial susceptibility patterns of typhoid Salmonellae. Pak J Med Health Sci 2015; 9(4): 1247-50."
165,2013,22,3,3023,South Asia,South Asia,Pakistan,proportion,0,42,0.999,2.38E-05,2,Ali (2017),"Ali A, Ali HA, Shah FH, Zahid A, Aslam H, Javed B. Pattern of antimicrobial drug resistance of Salmonella Typhi and ParaTyphi a in a teaching hospital in Islamabad. J Pak Med Assoc 2017; 67(3): 375-9."
180,2012,22,3,483,Sub-Saharan Africa,Eastern Sub-Saharan Africa,Kenya,proportion,0,32,0.001,3.12E-05,3,Karambu(2013),"Karambu S, Matiru V, Kiptoo M, Oundo J. Characterization and factors associated with diarrhoeal diseases caused by enteric bacterial pathogens among children aged five years and below attending Igembe District Hospital, Kenya. Pan African Medical Journal 2013; 16."
196,2009,22,3,4458,Sub-Saharan Africa,Southern Sub-Saharan Africa,South Africa,proportion,0,51,0.5098,0.004900078,2,Smith(2015),"Smith AM, Tau N, Arvinda S, Keddy KH. Microbiological characterization of Salmonella enterica serotype ParaTyphi, South Africa, 2003-2014. J Med Microbiol 2015; 64(11): 1450-3."
20,2005,22,3,1465,"Southeast Asia, East Asia & Oceania",Southeast Asia,Vietnam,proportion,0,5,0.001,0.0001998,1,Dolecek(2008),"Dolecek C, Tran TP, Nguyen NR, et al. A multi-center randomised controlled trial of gatifloxacin versus azithromycin for the treatment of uncomplicated typhoid fever in children and adults in Vietnam. PLoS ONE, 2008. http://onlinelibrary.wiley.com/o/cochrane/clcentral/articles/763/CN-00639763/frame.html (accessed."
201,2012,22,3,2911,Sub-Saharan Africa,Western Sub-Saharan Africa,Burkina Faso,proportion,0,6,0.3333,0.037035185,3,Siourime(2017),"Siourime SN, Isidore BOJ, Oumar T, et al. Serotyping and antimicrobial drug resistance of Salmonella isolated from lettuce and human diarrhea samples in Burkina Faso. African Journal of Infectious Diseases 2017; 11(2): 24-30."
214,1998,22,3,1783,Sub-Saharan Africa,Western Sub-Saharan Africa,Nigeria,proportion,0,17,0.1765,0.008549868,2,Akinyemi (2000),"Akinyemi KO, Coker AO, Olukoya DK, Oyefolu AO, Amorighoye EP, Omonigbehin EO. Prevalence of multi-drug resistant Salmonella Typhi among clinically diagnosed typhoid fever patients in Lagos, Nigeria. Z Naturforsch [C] 2000; 55(5-6): 489-93."
214,2005,22,3,2069,Sub-Saharan Africa,Western Sub-Saharan Africa,Nigeria,proportion,0,11,0.1818,0.013522615,2,Akinyemi(2007)?,"Akinyemi KO, Bamiro BS, Coker AO. Salmonellosis in Lagos, Nigeria: incidence of Plasmodium falciparum-associated co-infection, patterns of antimicrobial resistance, and emergence of reduced susceptibility to fluoroquinolones. J Health Popul Nutr 2007; 25(3): 351-8."
214,2006,22,3,1232,Sub-Saharan Africa,Western Sub-Saharan Africa,Nigeria,proportion,0,6,0.6667,0.037035185,2,Abdullahi(2010),"Abdullahi M. Incidence and antimicrobial susceptibility pattern of Salmonella species in children attending some hospitals in Kano Metropolis, Kano State-Nigeria. Bayero Journal of Pure and Applied Sciences 2010; 3(1): 202-6."
214,2008,22,3,1773,Sub-Saharan Africa,Western Sub-Saharan Africa,Nigeria,proportion,0,15,0.4667,0.016592741,2,Adeshina (2009),"Adeshina GO, Osuagwu NO, Okeke CLE, Ehinmidu JO, Bolaji RO. Prevalence and susceptibility of Salmonella Typhi and Salmonella ParaTyphi in Zaria, Nigeria. International Journal of Health Research 2009; 2(4): 355-60."
214,2011,22,3,158,Sub-Saharan Africa,Western Sub-Saharan Africa,Nigeria,proportion,0,14,0.0714,0.00473586,2,Abdullahi(2014),"Abdullahi B, Abdulfatai K, Wartu JR, Mzungu I, Muhammad HID, Abdulsalam AO. Antibiotics susceptibility patterns and characterization of clinical Salmonella serotypes in Katsina State, Nigeria. African Journal of Microbiology Research 2014; 8(9): 915-21."
214,2012,22,3,109,Sub-Saharan Africa,Western Sub-Saharan Africa,Nigeria,proportion,0,5,0.8,0.032,2,Abdullahi (2015),"Abdullahi M, Olonitola SO, Umoh VJ, Inabo IH. Antibacterial resistance profile and PCR detection of antibiotic resistance genes in Salmonella serovars isolated from blood samples of hospitalized subjects in Kano, North-West, Nigeria. Br Microbiol Res J 2015; 5(3): 245-56."
214,2013,22,3,5065,Sub-Saharan Africa,Western Sub-Saharan Africa,Nigeria,proportion,0,10,0.001,9.99E-05,2,Akinyemi (2018),"Akinyemi KO, Oyefolu AOB, Mutiu WB, et al. Typhoid fever: tracking the trend in Nigeria. (Special Issue: Tackling typhoid - what do global and country trends teach us?).American Journal of Tropical Medicine and Hygiene 2018;99(3 Suppl):41-47"
216,2004,22,3,1769,Sub-Saharan Africa,Western Sub-Saharan Africa,Senegal,proportion,0,19,0.001,5.26E-05,1,Harrois(2014),"Harrois D, Breurec S, Seck A, et al. Prevalence and characterization of extended-spectrum beta-lactamase-producing clinical Salmonella enterica isolates in Dakar, Senegal, from 1999 to 2009. Clin Microbiol Infect 2014; 20(2): O109-16."
6,1999,22,3,2327,"Southeast Asia, East Asia & Oceania",East Asia,China,proportion,0,1292,0.6664,0.000172067,3,Dong(2010),"Dong BQ, Yang J, Wang XY, et al. Trends and disease burden of enteric fever in Guangxi province, China, 1994-2004. Bull World Health Organ 2010; 88(9): 689-96."
6,2004,22,3,2824,"Southeast Asia, East Asia & Oceania",East Asia,China,proportion,0,186,0.8925,0.000515827,2,Shukun (2010),"Shukun W, Congjia C, Yunbo Y, Biao K, Baowei D. Nalidixic acid resistance and clonal expansion of Salmonella enterica serotype ParaTyphi A in Yuxi city, China. J Med Med Sci 2010; 17: 320-6."
6,2005,22,3,1095,"Southeast Asia, East Asia & Oceania",East Asia,China,proportion,0,64,0.9375,0.000915527,2,Wu (2010),"Wu W, Wang H, Lu J, et al. Genetic diversity of Salmonella enteric serovar Typhi and ParaTyphi in Shenzhen, China from 2002 through 2007. BMC Microbiol 2010; 10: 32."
6,2005,22,3,1431,"Southeast Asia, East Asia & Oceania",East Asia,China,proportion,0,5,0.999,0.0001998,2,Gu (2015),"Gu W, Yang Z, Chen Y, et al. Molecular characteristics of Salmonella enterica ParaTyphi A in Yunnan Province, southwest China. Infect Genet Evol 2015; 30: 181-5."
6,2006,22,3,244,"Southeast Asia, East Asia & Oceania",East Asia,China,proportion,0,784,0.0587,7.05E-05,3,Jiang(2015),"Jiang Y, Zuo H, Niu H, et al. Antimicrobial resistance surveillance of Salmonella isolates from the First People's Hospital of Yunnan Province, China. J Infect Dev Ctries 2015; 9(4): 333-7."
6,2006,22,3,1431,"Southeast Asia, East Asia & Oceania",East Asia,China,proportion,0,14,0.999,7.14E-05,2,Gu (2015),"Gu W, Yang Z, Chen Y, et al. Molecular characteristics of Salmonella enterica ParaTyphi A in Yunnan Province, southwest China. Infect Genet Evol 2015; 30: 181-5."
6,2007,22,3,1431,"Southeast Asia, East Asia & Oceania",East Asia,China,proportion,0,25,0.999,4.00E-05,2,Gu (2015),"Gu W, Yang Z, Chen Y, et al. Molecular characteristics of Salmonella enterica ParaTyphi A in Yunnan Province, southwest China. Infect Genet Evol 2015; 30: 181-5."
6,2008,22,3,1431,"Southeast Asia, East Asia & Oceania",East Asia,China,proportion,0,20,0.999,4.99E-05,2,Gu (2015),"Gu W, Yang Z, Chen Y, et al. Molecular characteristics of Salmonella enterica ParaTyphi A in Yunnan Province, southwest China. Infect Genet Evol 2015; 30: 181-5."
6,2009,22,3,926,"Southeast Asia, East Asia & Oceania",East Asia,China,proportion,0,50,0.88,0.002112,2,Zhuang (2012),"Zhuang L, Zhang YJ, Tang Z, et al. Epidemiologic characteristics of typhoid and paratyphoid fever on related drug resistance and molecular types regarding Salmonella Typhi and S. ParaTyphi, in Jiangsu province [Chinese]. Chung Hua Liu Hsing Ping Hsueh Tsa Chih 2012; 33(12): 1269-72."
6,2010,22,3,1431,"Southeast Asia, East Asia & Oceania",East Asia,China,proportion,0,38,0.999,2.63E-05,2,Gu (2015),"Gu W, Yang Z, Chen Y, et al. Molecular characteristics of Salmonella enterica ParaTyphi A in Yunnan Province, southwest China. Infect Genet Evol 2015; 30: 181-5."
6,2010,22,3,1431,"Southeast Asia, East Asia & Oceania",East Asia,China,proportion,0,29,0.999,3.44E-05,2,Gu (2015),"Gu W, Yang Z, Chen Y, et al. Molecular characteristics of Salmonella enterica ParaTyphi A in Yunnan Province, southwest China. Infect Genet Evol 2015; 30: 181-5."
6,2011,22,3,1431,"Southeast Asia, East Asia & Oceania",East Asia,China,proportion,0,36,0.999,2.77E-05,2,Gu (2015),"Gu W, Yang Z, Chen Y, et al. Molecular characteristics of Salmonella enterica ParaTyphi A in Yunnan Province, southwest China. Infect Genet Evol 2015; 30: 181-5."
6,2012,22,3,1431,"Southeast Asia, East Asia & Oceania",East Asia,China,proportion,0,85,0.999,1.18E-05,2,Gu (2015),"Gu W, Yang Z, Chen Y, et al. Molecular characteristics of Salmonella enterica ParaTyphi A in Yunnan Province, southwest China. Infect Genet Evol 2015; 30: 181-5."
6,2012,22,3,4658,"Southeast Asia, East Asia & Oceania",East Asia,China,proportion,0,126,0.627,0.001856119,2,Zhao (2016),"Zhao JY, Zhang SY, Mu YJ, et al. Drug tolerance and PFGE molecular typing of Salmonella ParaTyphi A isolated in Dengfeng, Henan province, 2009-2015 [Chinese]. Chung Hua Liu Hsing Ping Hsueh Tsa Chih 2016; 37(5): 714-7."
6,2013,22,3,1431,"Southeast Asia, East Asia & Oceania",East Asia,China,proportion,0,56,0.999,1.78E-05,2,Gu (2015),"Gu W, Yang Z, Chen Y, et al. Molecular characteristics of Salmonella enterica ParaTyphi A in Yunnan Province, southwest China. Infect Genet Evol 2015; 30: 181-5."
6,2013,22,3,1431,"Southeast Asia, East Asia & Oceania",East Asia,China,proportion,0,34,0.999,2.94E-05,2,Gu (2015),"Gu W, Yang Z, Chen Y, et al. Molecular characteristics of Salmonella enterica ParaTyphi A in Yunnan Province, southwest China. Infect Genet Evol 2015; 30: 181-5."
6,2013,22,3,5053,"Southeast Asia, East Asia & Oceania",East Asia,China,proportion,0,8,0.875,0.013671875,2,Kong(2017),"Kong X, Dong C, Ji H, et al. Antimicrobial resistance and molecular subtypes of Salmonella Typhi and Salmonella paratyphoid isolates from Jiangsu province, 2012-2015. [Chinese]. Chinese Journal of Endemiology 2017; 38(11): 1546-50."
6,2014,22,3,5053,"Southeast Asia, East Asia & Oceania",East Asia,China,proportion,0,5,0.8,0.032,2,Kong(2017),"Kong X, Dong C, Ji H, et al. Antimicrobial resistance and molecular subtypes of Salmonella Typhi and Salmonella paratyphoid isolates from Jiangsu province, 2012-2015. [Chinese]. Chinese Journal of Endemiology 2017; 38(11): 1546-50."
68,2000,22,3,1824,High Income,High-income Asia Pacific,South Korea,proportion,0,14,0.3571,0.016398542,3,Kim(2003),"Kim S, Lim OY, Kim SH, Kim JY, Kang YH, Lee BK. Pulsed-field gel electrophoresis and mutation typing of gyrA gene of quinolone-resistant Salmonella enterica serovar ParaTyphi A isolated from outbreak and sporadic cases, 1998-2002, Korea. Journal of Microbiology and Biotechnology 2003; 13(1): 155-8."
68,2002,22,3,1824,High Income,High-income Asia Pacific,South Korea,proportion,0,10,0.999,9.99E-05,3,Kim(2003),"Kim S, Lim OY, Kim SH, Kim JY, Kang YH, Lee BK. Pulsed-field gel electrophoresis and mutation typing of gyrA gene of quinolone-resistant Salmonella enterica serovar ParaTyphi A isolated from outbreak and sporadic cases, 1998-2002, Korea. Journal of Microbiology and Biotechnology 2003; 13(1): 155-8."
68,2002,22,3,1824,High Income,High-income Asia Pacific,South Korea,proportion,1,30,0.999,3.33E-05,3,Kim(2003),"Kim S, Lim OY, Kim SH, Kim JY, Kang YH, Lee BK. Pulsed-field gel electrophoresis and mutation typing of gyrA gene of quinolone-resistant Salmonella enterica serovar ParaTyphi A isolated from outbreak and sporadic cases, 1998-2002, Korea. Journal of Microbiology and Biotechnology 2003; 13(1): 155-8."
